{
    "model_type": "scikit",
    "model_name": "XGB",
    "model_selected": "XGBoost",
    "parameters": {
        "max_depth": 6,
        "learning_rate": 0.3,
        "n_estimators": 100,
        "verbosity": 1,
        "objective": "reg:squarederror",
        "booster": "gbtree"
    },
    "framework": "sklearn",
    "model_path": "models\\XGB\\XGB.pkl",
    "input_size": null,
    "train_loss": 0.000302092217992295,
    "csv_filename": "24-learning.csv",
    "val_loss": 0.004953908560997392,
    "creation_time": "2025-01-19 15:01:45",
    "metrics": {
        "scaled": {
            "train_mse": 0.000302092217992295,
            "train_rmse": 0.01738080026904098,
            "train_rae": 125.98223659369827,
            "val_mse": 0.004953908560997392,
            "val_rmse": 0.07038400784977644,
            "val_rae": 30.47143476876047
        },
        "original": {
            "train_mse": 5170.238633847833,
            "train_rmse": 71.90437145158722,
            "train_rae": 125.98223631505604,
            "val_mse": 84784.99359489471,
            "val_rmse": 291.17862832786113,
            "val_rae": 30.47143467752405
        }
    }
}