{
    "model_type": "scikit",
    "model_name": "RGGRG",
    "model_selected": "Ridge",
    "parameters": {
        "alpha": 1,
        "fit_intercept": true,
        "solver": "auto"
    },
    "framework": "sklearn",
    "model_path": "models/RGGRG/RGGRG.pkl",
    "input_size": null,
    "train_loss": 0.01109837048364252,
    "val_loss": 0.018125622347533413,
    "creation_time": "2024-12-20 13:14:02",
    "metrics": {
        "scaled": {
            "train_mse": 0.01109837048364252,
            "train_rmse": 0.105348803902287,
            "train_rae": 0.2636386638327844,
            "val_mse": 0.018125622347533413,
            "val_rmse": 0.13463143149923576,
            "val_rae": 0.2840931483507698
        },
        "original": {
            "train_mse": 189946.04710395995,
            "train_rmse": 435.82800174376126,
            "train_rae": 118.68171555127704,
            "val_mse": 310215.8394592723,
            "val_rmse": 556.9702321123385,
            "val_rae": 27.703903964546775
        }
    }
}