{
    "model_type": "pytorch",
    "model_name": "MLP2",
    "model_selected": "MLP_2",
    "parameters": {
        "input_size": 9,
        "hidden_size_1": 32,
        "hidden_size_2": 32,
        "learning_rate": 0.001,
        "epochs": 100,
        "batch_size": 32
    },
    "framework": "pytorch",
    "model_path": "models\\MLP2\\MLP2.pt",
    "input_size": 9,
    "train_loss": 0.060344361917332306,
    "csv_filename": "24-learning.csv",
    "val_loss": 0.06820557153493867,
    "creation_time": "2025-01-19 15:01:15",
    "metrics": {
        "scaled": {
            "train_mse": 0.060344361917332306,
            "train_rmse": 0.24565089439554724,
            "train_rae": 100.08319051854204,
            "val_mse": 0.06820557153493867,
            "val_rmse": 0.2611619641811163,
            "val_rae": 25.690212743890385
        },
        "original": {
            "train_mse": 1032779.8265868064,
            "train_rmse": 1016.2577559786722,
            "train_rae": 100.08319006004275,
            "val_mse": 1167322.578865449,
            "val_rmse": 1080.4270354195367,
            "val_rae": 25.690212538752053
        }
    }
}