{
    "model_type": "pytorch",
    "model_name": "mlp3",
    "model_selected": "MLP_3",
    "parameters": {},
    "framework": "pytorch",
    "model_path": "models/mlp3/mlp3.pt",
    "input_size": 15,
    "train_loss": 0.02816962204774872,
    "csv_filename": "24-learning.csv",
    "val_loss": 0.02872652687988082,
    "creation_time": "2024-12-24 13:12:43",
    "metrics": {
        "scaled": {
            "train_mse": 0.02816962204774872,
            "train_rmse": 0.16783808282910265,
            "train_rae": 112.17772259035466,
            "val_mse": 0.02872652687988082,
            "val_rmse": 0.1694890169889507,
            "val_rae": 26.589717993539793
        },
        "original": {
            "train_mse": 482116.559825724,
            "train_rmse": 694.3461383385984,
            "train_rae": 112.17772245791373,
            "val_mse": 491647.87875825615,
            "val_rmse": 701.176068301148,
            "val_rae": 26.58971792089958
        }
    }
}