{
    "model_type": "pytorch",
    "model_name": "MLP_2_Layer_32_64",
    "model_selected": "MLP_2",
    "parameters": {
        "input_size": 9,
        "hidden_size_1": 32,
        "hidden_size_2": 64,
        "learning_rate": 0.001,
        "epochs": 100,
        "batch_size": 32
    },
    "framework": "pytorch",
    "model_path": "models\\MLP_2_Layer_32_64\\MLP_2_Layer_32_64.pt",
    "input_size": 9,
    "train_loss": 0.04030560577689647,
    "csv_filename": "24-learning.csv",
    "val_loss": 0.04822665501172155,
    "creation_time": "2025-01-20 03:53:36",
    "metrics": {
        "scaled": {
            "train_mse": 0.04030560577689647,
            "train_rmse": 0.20076256069520648,
            "train_rae": 102.66392013363404,
            "val_mse": 0.04822665501172155,
            "val_rmse": 0.21960568073645442,
            "val_rae": 25.07605092482562
        },
        "original": {
            "train_mse": 689821.1527497086,
            "train_rmse": 830.5547259210007,
            "train_rae": 102.66391993239975,
            "val_mse": 825388.0771979761,
            "val_rmse": 908.5087105790324,
            "val_rae": 25.076050753833947
        }
    }
}