{
    "model_type": "scikit",
    "model_name": "rr",
    "model_selected": "Ridge",
    "parameters": {
        "alpha": 1,
        "fit_intercept": true,
        "solver": "auto"
    },
    "framework": "sklearn",
    "model_path": "models/rr/rr.pkl",
    "input_size": null,
    "train_loss": 0.002143456943861697,
    "val_loss": 0.0024704390278865655,
    "creation_time": "2024-12-23 16:53:20",
    "metrics": {
        "scaled": {
            "train_mse": 0.002143456943861697,
            "train_rmse": 0.04629748312664196,
            "train_rae": 0.15139649224917492,
            "val_mse": 0.0024704390278865655,
            "val_rmse": 0.04970351122291629,
            "val_rae": 0.1507868507895952
        },
        "original": {
            "train_mse": 38099.209827952975,
            "train_rmse": 195.1901888619225,
            "train_rae": 405.47703729639625,
            "val_mse": 43911.20388965809,
            "val_rmse": 209.55000331581505,
            "val_rae": 98.1528873565052
        }
    }
}