{
    "model_type": "scikit",
    "model_name": "ela",
    "model_selected": "ElasticNet",
    "parameters": {
        "alpha": 1,
        "l1_ratio": 0.5,
        "fit_intercept": true,
        "max_iter": 1000,
        "tol": 0.0001
    },
    "framework": "sklearn",
    "model_path": "models/ela/ela.pkl",
    "input_size": null,
    "train_loss": 0.0592698750750712,
    "csv_filename": "24-learning2.csv",
    "val_loss": 0.06722286505021968,
    "creation_time": "2024-12-24 12:24:34",
    "metrics": {
        "scaled": {
            "train_mse": 0.0592698750750712,
            "train_rmse": 0.24345405126033784,
            "train_rae": 308.0,
            "val_mse": 0.06722286505021968,
            "val_rmse": 0.25927372610856597,
            "val_rae": 83.1311629296658
        },
        "original": {
            "train_mse": 1053501.6406223646,
            "train_rmse": 1026.4022801135843,
            "train_rae": 308.00000000000006,
            "val_mse": 1194863.3016020777,
            "val_rmse": 1093.0980292737142,
            "val_rae": 83.13116292966576
        }
    }
}