{
    "model_type": "scikit",
    "model_name": "SVR2",
    "model_selected": "HuberRegressor",
    "parameters": {
        "epsilon": 1.35,
        "max_iter": 100,
        "alpha": 0.0001
    },
    "framework": "sklearn",
    "model_path": "models/SVR2/SVR2.pkl",
    "input_size": null,
    "train_loss": 0.014844697333694723,
    "val_loss": 0.01834795922531025,
    "creation_time": "2024-12-19 19:02:43",
    "metrics": {
        "scaled": {
            "train_mse": 0.014844697333694723,
            "train_rmse": 0.12183881702353615,
            "train_rae": 122.17219839261055,
            "val_mse": 0.01834795922531025,
            "val_rmse": 0.13545463899516416,
            "val_rae": 28.483439912212
        },
        "original": {
            "train_mse": 254063.56574110108,
            "train_rmse": 504.04718602636905,
            "train_rae": 122.17219839261058,
            "val_mse": 314021.0837626039,
            "val_rmse": 560.3758415229942,
            "val_rae": 28.483439912212
        }
    }
}