{
    "model_type": "scikit",
    "model_name": "Lasso",
    "model_selected": "Lasso",
    "parameters": {
        "alpha": 1,
        "fit_intercept": true,
        "max_iter": 1000,
        "tol": 0.0001
    },
    "framework": "sklearn",
    "model_path": "models/Lasso/Lasso.pkl",
    "input_size": null,
    "train_loss": 0.08759078398816118,
    "val_loss": 0.10038363338861629,
    "creation_time": "2024-12-23 15:44:37",
    "metrics": {
        "scaled": {
            "train_mse": 0.08759078398816118,
            "train_rmse": 0.29595740232026835,
            "train_rae": 99.00000000000001,
            "val_mse": 0.10038363338861629,
            "val_rmse": 0.3168337630187419,
            "val_rae": 25.85253553911092
        },
        "original": {
            "train_mse": 1499096.0344862773,
            "train_rmse": 1224.37577339895,
            "train_rae": 99.00000000000001,
            "val_mse": 1718042.6968268547,
            "val_rmse": 1310.741277608535,
            "val_rae": 25.85253553911092
        }
    }
}