{
    "model_type": "scikit",
    "model_name": "XGB",
    "model_selected": "XGBoost",
    "parameters": {
        "max_depth": 6,
        "learning_rate": 0.3,
        "n_estimators": 100,
        "verbosity": 1,
        "objective": "reg:squarederror",
        "booster": "gbtree"
    },
    "framework": "sklearn",
    "model_path": "/Users/jonghunjeon/Desktop/AIWeb/users/GT/model/XGB/XGB.pkl",
    "input_size": null,
    "train_loss": 0.0007089063964163068,
    "csv_filename": "abalone_encoded.csv",
    "val_loss": 0.0071338645976069944,
    "creation_time": "2025-02-13 17:11:07",
    "metrics": {
        "scaled": {
            "train_mse": 0.0007089063964163068,
            "train_rmse": 0.026625296175184734,
            "train_rae": 4642.187087341462,
            "val_mse": 0.0071338645976069944,
            "val_rmse": 0.08446220810283729,
            "val_rae": 1135.3205176171216
        },
        "original": {
            "train_mse": 0.5557826767940685,
            "train_rmse": 0.7455083344900099,
            "train_rae": 4642.187104308824,
            "val_mse": 5.592949797692539,
            "val_rmse": 2.3649418169782823,
            "val_rae": 1135.3205258247563
        }
    }
}