{
    "model_type": "pytorch",
    "model_name": "tt",
    "model_selected": "MLP_1",
    "parameters": {
        "input_size": 9,
        "hidden_size_1": 32,
        "learning_rate": 0.001,
        "epochs": 100,
        "batch_size": 32
    },
    "framework": "pytorch",
    "model_path": "models\\tt\\tt.pt",
    "input_size": 9,
    "train_loss": 0.07046507480948253,
    "csv_filename": "24-learning.csv",
    "val_loss": 0.07662840781937678,
    "creation_time": "2025-01-19 14:24:05",
    "metrics": {
        "scaled": {
            "train_mse": 0.07046507480948253,
            "train_rmse": 0.26545258486118106,
            "train_rae": 101.73007751284204,
            "val_mse": 0.07662840781937678,
            "val_rmse": 0.27681836611644245,
            "val_rae": 26.314953331479202
        },
        "original": {
            "train_mse": 1205993.4852692853,
            "train_rmse": 1098.1773469113652,
            "train_rae": 101.73007708563718,
            "val_mse": 1311477.5180993897,
            "val_rmse": 1145.1975891082682,
            "val_rae": 26.314953186585324
        }
    }
}